{"cameraMode":{"drawMode":0,"name":"Shaded","section":"Shading Mode"},"sceneLighting":true,"audioPlay":false,"sceneViewState":{"showFog":true,"showMaterialUpdate":false,"showSkybox":true,"showFlares":true,"showImageEffects":true,"showParticleSystems":true},"in2DMode":false,"pivot":{"x":16.92831802368164,"y":-11.751440048217774,"z":20.718048095703126},"rotation":{"x":-0.23432567715644837,"y":0.5315530896186829,"z":-0.15591084957122804,"w":-0.7988961338996887},"size":16.219322204589845,"orthographic":false}