{"cameraMode":{"drawMode":0,"name":"Shaded","section":"Shading Mode"},"sceneLighting":false,"audioPlay":false,"sceneViewState":{"showFog":false,"showMaterialUpdate":false,"showSkybox":false,"showFlares":false,"showImageEffects":false,"showParticleSystems":false},"in2DMode":false,"pivot":{"x":2.6921825408935549,"y":94.81372833251953,"z":42.82500457763672},"rotation":{"x":-0.20040325820446015,"y":0.2501705288887024,"z":-0.053010210394859317,"w":-0.9457512497901917},"size":12.7500638961792,"orthographic":false}